{"accuracy": 0.593406617641449, "loss": 1.9526350498199463}