{"accuracy": 0.8958333134651184, "loss": 0.4430832862854004}